token_addr,holder_addr,balance,rel_to_total
0x71D7Bf0338E52C51Eb15e2ef3Ed182dA3E5c7db0,0x5c8bed9c75301f1f2d7b90cb01267337097d609e,999259084363.808751072,99925.90843638087
0x71D7Bf0338E52C51Eb15e2ef3Ed182dA3E5c7db0,0xa1fd9c25a63ad3eea2c3384c67565d42eaa54c20,72027127.79706526,7.202712779706526
0x71D7Bf0338E52C51Eb15e2ef3Ed182dA3E5c7db0,0x303425052e462dd0f3044aee17e1f5be9c7de783,53164034.274431326,5.316403427443133
0x71D7Bf0338E52C51Eb15e2ef3Ed182dA3E5c7db0,0x4a2c786651229175407d3a2d405d1998bcf40614,46044402.820859427,4.6044402820859425
0x71D7Bf0338E52C51Eb15e2ef3Ed182dA3E5c7db0,0x711281c1b26aaed86e40e4caaf76c1962b45e161,39451271.31716897,3.9451271317168977
0x71D7Bf0338E52C51Eb15e2ef3Ed182dA3E5c7db0,0xfbfeaf0da0f2fde5c66df570133ae35f3eb58c9a,37925322.342900449,3.7925322342900447
0x71D7Bf0338E52C51Eb15e2ef3Ed182dA3E5c7db0,0x460eb5ca9d4955c535d5267ac581c7ea40b41f2a,36796963.016091356,3.6796963016091353
0x71D7Bf0338E52C51Eb15e2ef3Ed182dA3E5c7db0,0x5ed639eb11d3936828bc2f615cbc46102225ac6b,34102176.387260173,3.4102176387260172
0x71D7Bf0338E52C51Eb15e2ef3Ed182dA3E5c7db0,0xf5dea801973700ecc1f55ad45c30334a3880cac0,33397674.843964029,3.3397674843964027
0x71D7Bf0338E52C51Eb15e2ef3Ed182dA3E5c7db0,0xfdfbea492bcb16deb4b1390ea1a3c41464806cbe,29816541.452187808,2.981654145218781
0x71D7Bf0338E52C51Eb15e2ef3Ed182dA3E5c7db0,0x7d864f613e6efbf61614919a953ebb95b31ce373,28535423.009629794,2.8535423009629794
0x71D7Bf0338E52C51Eb15e2ef3Ed182dA3E5c7db0,0x0ce687357e47383e1f1ee9fbf064888e7ffbc1d3,28486491.976814752,2.848649197681475
0x71D7Bf0338E52C51Eb15e2ef3Ed182dA3E5c7db0,0xdd84d5952eeff0f0474cecab7654b067d05d1953,26473021.881067082,2.6473021881067083
0x71D7Bf0338E52C51Eb15e2ef3Ed182dA3E5c7db0,0x868cbdd2e348135e36d053f3087ae7112f844131,26228109.225280143,2.6228109225280143
0x71D7Bf0338E52C51Eb15e2ef3Ed182dA3E5c7db0,0xe2e776b9a836f024c81c65220502b7c9e2d1760c,25698349.627694451,2.5698349627694452
0x71D7Bf0338E52C51Eb15e2ef3Ed182dA3E5c7db0,0x00771ca51ad95b62fc3db75d630b5d308860ab37,24937955.888876232,2.4937955888876235
0x71D7Bf0338E52C51Eb15e2ef3Ed182dA3E5c7db0,0x552da34a204e635098495abdab68bf2426e35c1f,24861045.406843089,2.486104540684309
0x71D7Bf0338E52C51Eb15e2ef3Ed182dA3E5c7db0,0x535f1fcdd9c5001d847b2e7ef579d6e4ab6f860b,24088100.797017615,2.4088100797017615
0x71D7Bf0338E52C51Eb15e2ef3Ed182dA3E5c7db0,0xb0623c91c65621df716ab8afe5f66656b21a9108,23592443.273833988,2.359244327383399
0x71D7Bf0338E52C51Eb15e2ef3Ed182dA3E5c7db0,0xfa45c6991a2c3d74ada3a279e21135133ce3da8a,23466225.284215579,2.346622528421558
0x4894B01F8f67152dD5D6202d063D011278327942,0x7ffb72a7e12358574cc4f6eef430d92844590197,3786210000000000.0,900000000
0x4894B01F8f67152dD5D6202d063D011278327942,0xd6bad850c645cb8d0ad4e17fc4a3024f775254a3,416483215744822.428395877,99000027.51309097
0x4894B01F8f67152dD5D6202d063D011278327942,0x4894b01f8f67152dd5d6202d063d011278327942,4206938446450.367007062,1000009.1389028423
0x4894B01F8f67152dD5D6202d063D011278327942,0xbed980c0a3bec8b62d4f542996ca5c34f94a10aa,36477320.482934961,8.670831368212927
0x4894B01F8f67152dD5D6202d063D011278327942,0xf9387ac9f61cc22994a59a6008f827435ce744b6,22625890.147766268,5.37828095456661
0x4894B01F8f67152dD5D6202d063D011278327942,0xfbfeaf0da0f2fde5c66df570133ae35f3eb58c9a,21664531.568259177,5.149761479535805
0x4894B01F8f67152dD5D6202d063D011278327942,0xacd64c841d81567a92b36f79fd0d03b8b2f54408,14150256.547984644,3.363582815846501
0x4894B01F8f67152dD5D6202d063D011278327942,0x49bdfcc6e5e3798d2f77658a00e9a28d9f350217,12030734.234947949,2.8597623511250445
0x4894B01F8f67152dD5D6202d063D011278327942,0xbdf59d84e393cc0728409144512d2cd62c3278f3,10911417.096403751,2.5936953805423832
0x4894B01F8f67152dD5D6202d063D011278327942,0xf80642eb48d9e4ab64053690aa4f6e96254451ce,9828721.52044108,2.3363335283560533
0x4894B01F8f67152dD5D6202d063D011278327942,0x47477fd862bbd0296d8a4aa82c0847de1a4be74a,8567376.633084399,2.036505891056217
0x4894B01F8f67152dD5D6202d063D011278327942,0x000461a73d3985eef4923655782aa5d0de75c111,7525273.503329609,1.7887930550594522
0x4894B01F8f67152dD5D6202d063D011278327942,0x3b9f9c436f5bf1530eb345a0f01bb876e3bd38e8,7170040.427287211,1.704352475049849
0x4894B01F8f67152dD5D6202d063D011278327942,0x1810577a83d0b2f23aed6486f416db6b0b2a83c8,7100216.312064515,1.6877549530686529
0x4894B01F8f67152dD5D6202d063D011278327942,0x77777639f22bb93b6dca1345ff659f6f8ccd6958,6865235.513935199,1.6318989074936885
0x4894B01F8f67152dD5D6202d063D011278327942,0x7a9803f2450e948f63bba32834792ce7aab02515,6656155.404965465,1.582199578065907
0x4894B01F8f67152dD5D6202d063D011278327942,0xb10c74816dade0d7d4cf0fb3e33b5a05ddc5d803,6598694.384922527,1.568540822202222
0x4894B01F8f67152dD5D6202d063D011278327942,0x42a458e49b6021fda9b89e047aa1b4f27950d74a,6581958.87837445,1.5645627132507192
0x4894B01F8f67152dD5D6202d063D011278327942,0x25c256f6437de6e9ba2c0ded33b87d99bd9de8db,6510079.234297683,1.5474765823522507
0x4894B01F8f67152dD5D6202d063D011278327942,0x0577f3bfa2717e9f2c73354264e6b69c07bd0de6,6210617.738957214,1.4762931704954276
0xe52bDD1fc98cD6c0cd544c0187129c20D4545C7F,0x17ec8923bc576be2587adcdcab8d8de879d11c1d,38739354.415484597,38.7393544154846
0xe52bDD1fc98cD6c0cd544c0187129c20D4545C7F,0xd1f212f438c1ce7dcaf6aee57503569d641add31,4037220.05715752,4.03722005715752
0xe52bDD1fc98cD6c0cd544c0187129c20D4545C7F,0x195e1a872447dc8250aa777ceba53e70cf1372fd,3193671.327791367,3.193671327791367
0xe52bDD1fc98cD6c0cd544c0187129c20D4545C7F,0x464fb0431f50a445b031025de77166fb7b6f7aa4,2372652.383186545,2.372652383186545
0xe52bDD1fc98cD6c0cd544c0187129c20D4545C7F,0x6cda49eda326422548b0432b4daa06861675e816,2184060.382959826,2.1840603829598257
0xe52bDD1fc98cD6c0cd544c0187129c20D4545C7F,0xe37d148356957c490f0a01314b71cf60772a86e0,2069503.466073374,2.0695034660733738
0xe52bDD1fc98cD6c0cd544c0187129c20D4545C7F,0x0deffea757b4057c431985dc29afd8654bae1e17,2034865.370317076,2.034865370317076
0xe52bDD1fc98cD6c0cd544c0187129c20D4545C7F,0x986e40318c7d52768bee5b20368a7f46fcd7c987,2020745.743026968,2.020745743026968
0xe52bDD1fc98cD6c0cd544c0187129c20D4545C7F,0x4027f4dabfbb616a8dcb19bb225b3cf17879c9a8,2014455.804349754,2.014455804349754
0xe52bDD1fc98cD6c0cd544c0187129c20D4545C7F,0xc9662500a5cff3466a1b0025e1bf3ac37f162b7f,1964564.201241948,1.964564201241948
0xe52bDD1fc98cD6c0cd544c0187129c20D4545C7F,0x541d66529bf9ffc963f7cfd2ac5dfcab902314a8,1923964.09838136,1.9239640983813602
0xe52bDD1fc98cD6c0cd544c0187129c20D4545C7F,0xbe657e25350edd8ac38d741d00f09d16f5b3ddd3,1868808.190480511,1.8688081904805107
0xe52bDD1fc98cD6c0cd544c0187129c20D4545C7F,0x062dcde33c81da581a2a8bc2a172b0e12af93745,1842117.423254235,1.8421174232542348
0xe52bDD1fc98cD6c0cd544c0187129c20D4545C7F,0xa8411b1db4081dd6d8f6fce182cadd6bf335c7dc,1821901.814108709,1.8219018141087089
0xe52bDD1fc98cD6c0cd544c0187129c20D4545C7F,0xf6d2c349d9ceda5335ffaf1550ab74950254e1b0,1821736.763653374,1.8217367636533741
0xe52bDD1fc98cD6c0cd544c0187129c20D4545C7F,0x8af086d7a3be45a9521022054cfa370c82107159,1812120.936161668,1.812120936161668
0xe52bDD1fc98cD6c0cd544c0187129c20D4545C7F,0xd1112822dea778ed9ca19dfa87c2cd81f18785b1,1801811.279147283,1.8018112791472831
0xe52bDD1fc98cD6c0cd544c0187129c20D4545C7F,0x2952c225639041f920722fdb71044baa824c22c2,1779765.782549467,1.779765782549467
0xe52bDD1fc98cD6c0cd544c0187129c20D4545C7F,0x7daec89d2d0a32a8472115f954c5cd7889bd8d6b,1753781.752308037,1.7537817523080368
0xe52bDD1fc98cD6c0cd544c0187129c20D4545C7F,0x922af893c3dc334a673500cb86022780c2214a84,1684285.630633699,1.684285630633699
0x52132a43D7cAE69B23abE77B226fA1a5BC66b839,0x4c9685429b14653b80d60bec88c16ca7c3aa7c51,90995791.628388352,39.78397423400212
0x52132a43D7cAE69B23abE77B226fA1a5BC66b839,0x89c1397e1e75d40d2dd2f1d8e6a1ec66f7eda17b,10781384.352505993,4.713694002890109
0x52132a43D7cAE69B23abE77B226fA1a5BC66b839,0xf7b203a3b94ae3028a1524f17714f668cfb2870a,1191021.07876,0.5207224538805902
0x52132a43D7cAE69B23abE77B226fA1a5BC66b839,0xb06f9916317a7793dbf270ed7a4281bf4187f11d,380000.0,0.16613856463450347
0x52132a43D7cAE69B23abE77B226fA1a5BC66b839,0x5b41bb68021b44a6088fb0a5d1e36c527718172a,180000.0,0.07869721482687006
0x52132a43D7cAE69B23abE77B226fA1a5BC66b839,0x349cc64986411e431ba9cbc4daf4a6f7455921e8,180000.0,0.07869721482687006
0x52132a43D7cAE69B23abE77B226fA1a5BC66b839,0x4f1312c337a01e0b4a396db813b718ec0a071bf9,180000.0,0.07869721482687006
0x52132a43D7cAE69B23abE77B226fA1a5BC66b839,0x12b6b076b169ca1d25b7ac5dec436ea8067b0cf6,172670.40666627,0.07549266715365816
0x52132a43D7cAE69B23abE77B226fA1a5BC66b839,0xdb878e59838ef81029f731ae6c03cf2288d309b5,60000.0,0.02623240494229002
0x52132a43D7cAE69B23abE77B226fA1a5BC66b839,0xe57c1c0df7dca576b732353baa72d8a392f6be4e,40353.217631911,0.01764269909407745
0x52132a43D7cAE69B23abE77B226fA1a5BC66b839,0xaefb5673b4d269a1e57ce53696f4163882226a55,39287.313036482,0.017176678411125097
0x52132a43D7cAE69B23abE77B226fA1a5BC66b839,0xa737880c48e2b2ab44f86cfc92d4e5f8dddd495c,30000.0,0.01311620247114501
0x52132a43D7cAE69B23abE77B226fA1a5BC66b839,0xe15863985be0c9fb9d590e2d1d6486a551d63e06,28208.350083047,0.012332881035539487
0x52132a43D7cAE69B23abE77B226fA1a5BC66b839,0xc18f67f3a425de5cc2adbb15f442ac2c933c176f,27067.0,0.011833875076216067
0x52132a43D7cAE69B23abE77B226fA1a5BC66b839,0xba9c5381903a38ff6686a0c39512b03dac609107,23184.849175745,0.010136572535067697
0x52132a43D7cAE69B23abE77B226fA1a5BC66b839,0x64804d40659c5cf9316b08cef9a13884a1d26032,22538.0,0.009853765709822208
0x52132a43D7cAE69B23abE77B226fA1a5BC66b839,0x6b359c5a881496c3a136d3943cb6a5372e59074e,16000.0,0.006995307984610673
0x52132a43D7cAE69B23abE77B226fA1a5BC66b839,0xc7a7a81494741718f0f80cbe056586f30db8a786,13782.092519326,0.006025623865317761
0x52132a43D7cAE69B23abE77B226fA1a5BC66b839,0x87cc852bc2174e2adba2692ce93d2003b52b4ae0,10506.768,0.004593629880178244
0x52132a43D7cAE69B23abE77B226fA1a5BC66b839,0xdab3301d07f8c1b748b576701d3e556493eea9a4,8700.0,0.003803698716632053
0x25e0d545b4733e051e2edca12ae5b7366d773549,0xdd36f0f687bb33779e6af1d81268444316813f95,2200006379715381.147398316661393212,22000063.797153812
0x25e0d545b4733e051e2edca12ae5b7366d773549,0x07e76fd2851dda6408318f3d224518281fb63fe5,324581669.93861401379795542,3.24581669938614
0x25e0d545b4733e051e2edca12ae5b7366d773549,0x250f849a1a7329e35b0435346ac821ff1d4daee7,303696613.222515755520313265,3.0369661322251575
0x25e0d545b4733e051e2edca12ae5b7366d773549,0x17b303e9beac15f33f464201c595869c1f9d960c,203637646.690341746463631204,2.0363764669034174
0x25e0d545b4733e051e2edca12ae5b7366d773549,0xdb274a5c8585054e921e7c3b8746ce6bbe327365,193379856.14587611350445753,1.9337985614587612
0x25e0d545b4733e051e2edca12ae5b7366d773549,0xf80303449e6bfaec990a5194fef874af27e4bd68,180863014.374660047482106006,1.8086301437466004
0x25e0d545b4733e051e2edca12ae5b7366d773549,0x7f0f9b72b78a1d5023468ea066805b0d07675a99,165672447.747074944911140931,1.6567244774707495
0x25e0d545b4733e051e2edca12ae5b7366d773549,0x0e038dd96ac3961e3b84f7ce894f075640579084,146470928.347751875139696748,1.4647092834775188
0x25e0d545b4733e051e2edca12ae5b7366d773549,0x88522068a71fee9d94c1b799aece613ce37d2895,135394564.321786594679936439,1.3539456432178658
0x25e0d545b4733e051e2edca12ae5b7366d773549,0x85a7af41196c6bc1079363605c248e1a06700d3a,130705358.704774641344075153,1.3070535870477467
0x25e0d545b4733e051e2edca12ae5b7366d773549,0x558f93e14dc424d56b9831ceeac5c63c30ffecfa,128249276.479734912504397868,1.282492764797349
0x25e0d545b4733e051e2edca12ae5b7366d773549,0x11f20ebe064682f6b999fdcb33f5387c56ff7f95,120675523.032992317122371372,1.2067552303299232
0x25e0d545b4733e051e2edca12ae5b7366d773549,0x1d0c89371af20595cad3a048146505d735df77bf,119262321.47678938078960778,1.192623214767894
0x25e0d545b4733e051e2edca12ae5b7366d773549,0x2353eed368e3fb4f00b1a632a502957ff9daad80,117150906.345603998477705169,1.17150906345604
0x25e0d545b4733e051e2edca12ae5b7366d773549,0x2dc39a199793421cf56f194fe4c7065278cd3334,116537573.533103955049608827,1.1653757353310397
0x25e0d545b4733e051e2edca12ae5b7366d773549,0xba3cdff53fd323ed7c68869af56c5cb45c38ad5f,99700732.122400063261496554,0.9970073212240006
0x25e0d545b4733e051e2edca12ae5b7366d773549,0x68a3cefed0fc8c13f1c34be009c3383c07ac4c01,94093612.32173049162598482,0.940936123217305
0x25e0d545b4733e051e2edca12ae5b7366d773549,0x3e96f429ebb4e85a775f862288024ee69fdd452d,93214819.020261835620330946,0.9321481902026184
0x25e0d545b4733e051e2edca12ae5b7366d773549,0x5ef30fa60af66ad98d7d3f87c3279d8d5f05a0b1,93128881.363815622149638112,0.9312888136381562
0x25e0d545b4733e051e2edca12ae5b7366d773549,0xd7abc322935f031637cb0519bd0238500c7f85c4,90719614.113979225398013728,0.9071961411397923
0xe51d3de9b81916d383ef97855c271250852ec7b7,0x62b20f3af092513876cf09d583330f02fbe4ecbc,115792089237316195423570985008687907853269984665640563928859.410481816415790541,1.157920892373162e+52
0xe51d3de9b81916d383ef97855c271250852ec7b7,0xaa84d1806defb2dc57d6f148d866f3e47043329e,115792089237316195423570985008687907853269984665640464049457.584007934619834459,1.157920892373162e+52
0xe51d3de9b81916d383ef97855c271250852ec7b7,0x839ba27197cd40e4a5d0a3a75e98e792f3662079,115792089237316195423570985008687907853269984665640447779430.872048710417787106,1.157920892373162e+52
0xe51d3de9b81916d383ef97855c271250852ec7b7,0x55f5aac4466eb9b7bbeee8c05b365e5b18b5afcc,115792089237316195423570985008687907853269984665640427763542.192684232714956935,1.157920892373162e+52
0xe51d3de9b81916d383ef97855c271250852ec7b7,0x5ab1edbf49e8a38d7223648f220c705019de38ba,115792089237316195423570985008687907853269984665639326102877.809486058074367924,1.157920892373162e+52
0xe51d3de9b81916d383ef97855c271250852ec7b7,0xa718aa1b3f61c2b90a01ab244597816a7ee69fd2,1258747673.510995144780317943,125.87476735109952
0xe51d3de9b81916d383ef97855c271250852ec7b7,0x72c509b05a44c4bb53373efc2e76fb75fa8108a6,927475178.242321127126891235,92.74751782423212
0xe51d3de9b81916d383ef97855c271250852ec7b7,0xa9795fd42e4ecc4a6e31ab1f2861457d6d83c8a3,89082499.447505174170846626,8.908249944750517
0xe51d3de9b81916d383ef97855c271250852ec7b7,0x3a9e1f04996d190da32be2918fffea2af7ce7461,87574651.781909066591281372,8.757465178190907
0xe51d3de9b81916d383ef97855c271250852ec7b7,0x527d0fed43ca60b5d17ecbf96d772d14cc8a33d3,57648776.459608732222999041,5.7648776459608735
0xe51d3de9b81916d383ef97855c271250852ec7b7,0xcb7d68c96167028c2333be2b4439ab987564b31e,50037731.846182797458210811,5.00377318461828
0xe51d3de9b81916d383ef97855c271250852ec7b7,0x511dbe9e6b7ede607f47d00a681bd5c7a6d397a1,32164421.118243947600527958,3.216442111824395
0xe51d3de9b81916d383ef97855c271250852ec7b7,0xc08ca5bc23ea8d805a3afa0e603b11879c4a8510,27263779.392224849975236655,2.726377939222485
0xe51d3de9b81916d383ef97855c271250852ec7b7,0x6c5ab8377f99784e485feef8be8c24de3b786481,11872643.594174485710670438,1.1872643594174486
0xe51d3de9b81916d383ef97855c271250852ec7b7,0xad4c423bc99401d6ff1d176149e5fd501eff74e7,11814334.510306326065592269,1.1814334510306326
0xe51d3de9b81916d383ef97855c271250852ec7b7,0x7ee08affeed217f0c084055afa0c4d0cd31afa9b,9000310.592963819172090667,0.9000310592963818
0xe51d3de9b81916d383ef97855c271250852ec7b7,0x702603bd020425f196bb99b574ff67dfffc518ee,8972239.527399546715624108,0.8972239527399548
0xe51d3de9b81916d383ef97855c271250852ec7b7,0x000000fee13a103a10d593b9ae06b3e05f2e7e1c,8516989.43424013078516743,0.8516989434240131
0xe51d3de9b81916d383ef97855c271250852ec7b7,0x6b6c9e38ce060c67b4fdd851c16e454053c8ed07,4808576.170282305185284455,0.4808576170282305
0xe51d3de9b81916d383ef97855c271250852ec7b7,0xf8d5632440909a4fab0fd972e737a6bfce505bae,4083090.427345974937778224,0.40830904273459745
0xb4fc1fc74effa5dc15a031eb8159302cfa4f1288,0xbf1b5753a704b49cff8bc6320d7505aa37a35192,600344516.536608514,60.034451653660845
0xb4fc1fc74effa5dc15a031eb8159302cfa4f1288,0xbb06583bcac49fa3c5effb42dd5dc98f7ac87b9e,85520294.128,8.552029412800001
0xb4fc1fc74effa5dc15a031eb8159302cfa4f1288,0x9dc5e0786a159eead37f972277eb01e9efde8c63,32451214.372,3.2451214372
0xb4fc1fc74effa5dc15a031eb8159302cfa4f1288,0xb57fa4f2a808944d96d7ed0b595458869b3e6aaf,17680901.552,1.7680901552
0xb4fc1fc74effa5dc15a031eb8159302cfa4f1288,0xff8a10cb1f2771f9b29de1f0353f17d1dc258550,11673298.6219685,1.16732986219685
0xb4fc1fc74effa5dc15a031eb8159302cfa4f1288,0x23225ab5bb0a9e6b86393781f8a30395471ba156,10143877.479533146,1.0143877479533145
0xb4fc1fc74effa5dc15a031eb8159302cfa4f1288,0xb4fc1fc74effa5dc15a031eb8159302cfa4f1288,7691877.883265348,0.7691877883265348
0xb4fc1fc74effa5dc15a031eb8159302cfa4f1288,0x658dc07d19fa967c0d673610969f7bd128c9fd20,6151470.833412361,0.6151470833412361
0xb4fc1fc74effa5dc15a031eb8159302cfa4f1288,0xb2444d7be9b1790fd5467c05a9ae0a7a399a1304,5276303.188510791,0.5276303188510791
0xb4fc1fc74effa5dc15a031eb8159302cfa4f1288,0x525b3bfe7b673e65efc00fe798b3bef48f387da0,4286305.538439434,0.42863055384394344
0xb4fc1fc74effa5dc15a031eb8159302cfa4f1288,0x9bb727c09a509936cdc98cf372db9527c180de75,4158039.294518334,0.41580392945183337
0xb4fc1fc74effa5dc15a031eb8159302cfa4f1288,0x5168aab47acdd06400c088502eee00045fbd0c19,4079442.153,0.40794421529999997
0xb4fc1fc74effa5dc15a031eb8159302cfa4f1288,0x325b68830f5840213a51e019bac2f91197920f0e,4035448.375971446,0.40354483759714455
0xb4fc1fc74effa5dc15a031eb8159302cfa4f1288,0xb9ea412e7897f4f4bbb369a9b85dc03a1b3e9e8d,3859952.047126346,0.38599520471263454
0xb4fc1fc74effa5dc15a031eb8159302cfa4f1288,0x225b00d7828381189a2be4a26b11f743f427ea2a,3417480.999975991,0.3417480999975991
0xb4fc1fc74effa5dc15a031eb8159302cfa4f1288,0xe35901074862bba37a27fba3a61b4264a874b481,2975503.953188669,0.2975503953188669
0xb4fc1fc74effa5dc15a031eb8159302cfa4f1288,0x619db068a0770dd453a69ed0dd380c029d0f9931,2830984.31733732,0.283098431733732
0xb4fc1fc74effa5dc15a031eb8159302cfa4f1288,0x16b2731f1b58c77b3134a23b90730acdb547025f,2677472.324071891,0.2677472324071891
0xb4fc1fc74effa5dc15a031eb8159302cfa4f1288,0x55882bd3835d23040be975046ee891fc368d11e0,2624830.759399404,0.2624830759399404
0xb4fc1fc74effa5dc15a031eb8159302cfa4f1288,0xbfdd36f5ca739344a44758aa44c2cc439f679c83,2581199.158217563,0.2581199158217563
0x829d2578aa1B013665e421ae894d055DA2120cC8,0x296a66bf9fcae305dadae225e39ade65785e9bdc,1603040072701218.46737401897216334,160304007.27012184
0x829d2578aa1B013665e421ae894d055DA2120cC8,0xf579efc4d035e311bc01c8113b61774bf48d8cdb,188167672.213912529201110291,18.816767221391252
0x829d2578aa1B013665e421ae894d055DA2120cC8,0xaff8467b95b6e0e974dbc5a478f6083585df9133,119379031.636566257904566325,11.937903163656625
0x829d2578aa1B013665e421ae894d055DA2120cC8,0x1f31b06438541d40f0d3a1ca176714eee3b291b8,97659938.824172300968285956,9.76599388241723
0x829d2578aa1B013665e421ae894d055DA2120cC8,0x6c82dc49c491f959cb19d925ca8e43b4d4b2a764,90000000.0,9
0x829d2578aa1B013665e421ae894d055DA2120cC8,0xf8ee461687ea5ace71aaa11a2eac85c29f5aa598,75000000.0,7.5
0x829d2578aa1B013665e421ae894d055DA2120cC8,0x79dddcd7b0138ed7898033e1589ba53db63dc142,56000000.0,5.6000000000000005
0x829d2578aa1B013665e421ae894d055DA2120cC8,0x3fae4b2d19ded1be3709bddd9e4e09fa9a542869,43935854.170447935443007942,4.393585417044794
0x829d2578aa1B013665e421ae894d055DA2120cC8,0x5ce35024ebe2e9a3b45cfa04102bc66d17302403,42909957.711518880767006129,4.290995771151889
0x829d2578aa1B013665e421ae894d055DA2120cC8,0x52142fc476068e1a82058f76563ffb0f44019028,38722501.934140714814117661,3.8722501934140707
0x829d2578aa1B013665e421ae894d055DA2120cC8,0xfdf1a7d4e2f473a6d71026c442e32451030d8d2a,24536381.698398711597516969,2.4536381698398713
0x829d2578aa1B013665e421ae894d055DA2120cC8,0x97039d20f56da033845335e9f7732dac813d30f6,21183221.228546562639112485,2.1183221228546563
0x829d2578aa1B013665e421ae894d055DA2120cC8,0x17952f0d7273d8fddc0b17b6c76319446b462195,15824014.011648001298546061,1.5824014011648002
0x829d2578aa1B013665e421ae894d055DA2120cC8,0x1a61a25bd030576576dd9566a6152d8fc50c9b70,11938212.413172431616976542,1.193821241317243
0x829d2578aa1B013665e421ae894d055DA2120cC8,0xa8da636e84a363eb76299858b19adfcafd650c3e,10742064.015512640891083933,1.0742064015512642
0x829d2578aa1B013665e421ae894d055DA2120cC8,0xfc5c04714d8f8c9e2eda10d79989a1f1311aaef6,9453090.668894677009452993,0.9453090668894677
0x829d2578aa1B013665e421ae894d055DA2120cC8,0x2ddeff527452bf7bc450872d96a695a470e7d09f,8689987.161851785831723897,0.8689987161851787
0x829d2578aa1B013665e421ae894d055DA2120cC8,0x3c7306e35ada827ee4e82cde280426ef443a702d,7269225.452639471755350565,0.7269225452639472
0x829d2578aa1B013665e421ae894d055DA2120cC8,0x219d2f65c0ecfc503aac010012705c84cba1adea,6455986.426926145070217692,0.6455986426926145
0x829d2578aa1B013665e421ae894d055DA2120cC8,0xe0ace0de7bed2cfdb4297395f0dff4181b096d16,5420265.557713883322767524,0.5420265557713884
0x3acCa56d95961e6100b0F264794Bb1e18eC25824,0x5c55d01c716fed96834806e8f7688767fc019c6d,99932003569941849.162806612670168151,99.93200292677949
0x3acCa56d95961e6100b0F264794Bb1e18eC25824,0xa09ee895853a7a3b8324075da322ac32d85975d3,38544749547497.0,0.038544749299422996
0x3acCa56d95961e6100b0F264794Bb1e18eC25824,0x6d178c67bf5670a93fac2f8906ce512a9233e662,17511030830069.868765195254640112,0.017511030717368873
0x3acCa56d95961e6100b0F264794Bb1e18eC25824,0x5732ccde3cdea4f553f143d0d03a9c53a86b0e40,10722107281691.298191149813471132,0.010722107212683817
0x3acCa56d95961e6100b0F264794Bb1e18eC25824,0x572b5392dd8c755eb899dd3a5275c2f841f1cfbb,435907962624.901847830071803272,0.00043590795981939825
0x3acCa56d95961e6100b0F264794Bb1e18eC25824,0xb611728a517621abb1ecac9cf839d302b8c74019,405159471432.933438640759628908,0.00040515946882532707
0x3acCa56d95961e6100b0F264794Bb1e18eC25824,0xed62ae54511974e289373f7a0e34320812366b39,377555004297.625750589419470234,0.00037755500186768175
0x3acCa56d95961e6100b0F264794Bb1e18eC25824,0x000000000000000000000000000000000000dead,324034487.934580348650701159,3.240344858490944e-07
0x3acCa56d95961e6100b0F264794Bb1e18eC25824,0x2c21fa2903d4f8839e8fd6b041c2adf19dbf6540,6069000.0,6.0689999609399165e-09
0x3acCa56d95961e6100b0F264794Bb1e18eC25824,0x82fb2f4b37ca02510b2ed67bdfc2701392bb62b5,5356000.0,5.355999965528784e-09
0x3acCa56d95961e6100b0F264794Bb1e18eC25824,0x145b8d0fe270b7bc4c362ecfa12e5f97e6788c48,5126000.0,5.125999967009064e-09
0x3acCa56d95961e6100b0F264794Bb1e18eC25824,0xdd709cae362972cb3b92dcead77127f7b8d58202,5126000.0,5.125999967009064e-09
0x3acCa56d95961e6100b0F264794Bb1e18eC25824,0x8c7ff00cf353b0236cbb259df12e1d3478d633e3,4253000.0,4.252999972627692e-09
0x3acCa56d95961e6100b0F264794Bb1e18eC25824,0x4c8133051b300ccd66b6b35c5a0af15b6a97012a,4218000.0,4.217999972852952e-09
0x3acCa56d95961e6100b0F264794Bb1e18eC25824,0xd628f7c481c7dd87f674870bec5d7a311fb1d9a2,3866000.0,3.865999975118424e-09
0x3acCa56d95961e6100b0F264794Bb1e18eC25824,0x54df1f98a749d6badf3575da99bba55cca505cf7,3748000.0,3.747999975877872e-09
0x3acCa56d95961e6100b0F264794Bb1e18eC25824,0x57757e3d981446d585af0d9ae4d7df6d64647806,3693000.0,3.692999976231852e-09
0x3acCa56d95961e6100b0F264794Bb1e18eC25824,0x99bcea6bb0403927fb3c038163478d5b42082fd9,3581000.0,3.5809999769526843e-09
0x3acCa56d95961e6100b0F264794Bb1e18eC25824,0x2bf792ffe8803585f74e06907900c2dc2c29adcb,3561000.0,3.5609999770814044e-09
0x3acCa56d95961e6100b0F264794Bb1e18eC25824,0xa5f7a39e55d7878bc5bd754ee5d6bd7a7662355b,3481000.0,3.4809999775962845e-09
0x9Cb6DD255A6bbe32130ce645ec45c0A3e9D87A4a,0x96c5ba6bb2bf4679ddbddaf23f61b71e4ac3c915,55811476.83360744416588461,55.81147683360744
0x9Cb6DD255A6bbe32130ce645ec45c0A3e9D87A4a,0xe2fe530c047f2d85298b07d9333c05737f1435fb,40000000.0,40
0x9Cb6DD255A6bbe32130ce645ec45c0A3e9D87A4a,0x04bda42de3bc32abb00df46004204424d4cf8287,519201.658864787447863779,0.5192016588647874
0x9Cb6DD255A6bbe32130ce645ec45c0A3e9D87A4a,0x7c106c30ad78f5b978a1abee0eba6f565ed40836,239133.307548999134278232,0.2391333075489991
0x9Cb6DD255A6bbe32130ce645ec45c0A3e9D87A4a,0xac615d0a7ebe64fc4a89e8df23c772bf80db2c1e,177309.351943199918054586,0.17730935194319994
0x9Cb6DD255A6bbe32130ce645ec45c0A3e9D87A4a,0x14ca1805c5dab59d537d23234f7a1b258caff255,175918.195702594098443062,0.1759181957025941
0x9Cb6DD255A6bbe32130ce645ec45c0A3e9D87A4a,0x31946cd042580a2bf5f1d4dc4d16b9452dbb2d92,126330.281410548086025657,0.12633028141054808
0x9Cb6DD255A6bbe32130ce645ec45c0A3e9D87A4a,0x6e5cfa5e9500f1f6caa74d482fc57cbe2aeb58fb,125219.860684449692587349,0.12521986068444968
0x9Cb6DD255A6bbe32130ce645ec45c0A3e9D87A4a,0x76fc7bc5240c947d793717933508554ea59a1ef3,119684.293886735005700215,0.119684293886735
0x9Cb6DD255A6bbe32130ce645ec45c0A3e9D87A4a,0x25ff905a6191294149133d3052863a3b3d9310d2,119584.077023163229239574,0.11958407702316323
0x9Cb6DD255A6bbe32130ce645ec45c0A3e9D87A4a,0x74809e785a55a076dc94af5cc9d92d3f131bff00,119550.206534508314128717,0.1195502065345083
0x9Cb6DD255A6bbe32130ce645ec45c0A3e9D87A4a,0xaf3a0ba00099067098ab3adba34fd6059d74f940,119545.557643908619897815,0.11954555764390862
0x9Cb6DD255A6bbe32130ce645ec45c0A3e9D87A4a,0xd907afba50b87c6a6a191c0d0a55e8640d58955f,116821.464427512433559273,0.11682146442751243
0x9Cb6DD255A6bbe32130ce645ec45c0A3e9D87A4a,0x7746994062fc6bb12509e033bba4f551736709ad,106394.424608060354217478,0.10639442460806034
0x9Cb6DD255A6bbe32130ce645ec45c0A3e9D87A4a,0x1b7fa3959b5a90b3956e93b5dc881c762c25bed0,101114.602871011485538549,0.10111460287101148
0x9Cb6DD255A6bbe32130ce645ec45c0A3e9D87A4a,0xfdfbea492bcb16deb4b1390ea1a3c41464806cbe,94409.771527547749961188,0.09440977152754775
0x9Cb6DD255A6bbe32130ce645ec45c0A3e9D87A4a,0xf6bf75a80b68c513ec1eb989414690befd6597b2,94258.929450800464673055,0.09425892945080047
0x9Cb6DD255A6bbe32130ce645ec45c0A3e9D87A4a,0x008c9fa942b614dc8c105e2dc15043b3a0f60921,78112.184545276045165286,0.07811218454527605
0x9Cb6DD255A6bbe32130ce645ec45c0A3e9D87A4a,0x54ae70f613923e2f65d11cfcfd7f5adc7e02644e,66211.346588026534468453,0.06621134658802653
0x9Cb6DD255A6bbe32130ce645ec45c0A3e9D87A4a,0x15122eb904e233c1ae45a45f847cdc4190de7796,64673.919336918998352293,0.06467391933691899
0x1533C795EA2B33999Dd6eff0256640dC3b2415C2,0x3c17e014e83334bdb41fa3254a5986c0eeca25a5,859864438476.982435394372175384,85.97784606309193
0x1533C795EA2B33999Dd6eff0256640dC3b2415C2,0x6d178c67bf5670a93fac2f8906ce512a9233e662,140160666751.968133812310406753,14.014665208675947
0x1533C795EA2B33999Dd6eff0256640dC3b2415C2,0xc54e1d8a9653526e52ed2b87d38e2d2027d5ce2f,1000000.0,9.99900009999e-05
0x1533C795EA2B33999Dd6eff0256640dC3b2415C2,0x5b97680e165b4dbf5c45f4ff4241e85f418c66c2,899000.0,8.989101089891011e-05
0x1533C795EA2B33999Dd6eff0256640dC3b2415C2,0xf0d6c1acb38ea90f5d2d89ea82afecfad48cc56a,859000.0,8.58914108589141e-05
0x1533C795EA2B33999Dd6eff0256640dC3b2415C2,0xf93d4ec4cadec63a68fe13ad5bb1abed44ebb81c,836000.0,8.359164083591642e-05
0x1533C795EA2B33999Dd6eff0256640dC3b2415C2,0x5921c191fe58175b1fb8943ed3f17345e615ff02,792000.0,7.919208079192081e-05
0x1533C795EA2B33999Dd6eff0256640dC3b2415C2,0x469deb39c6415d943b09cfca3a4f9494a84f9d61,792000.0,7.919208079192081e-05
0x1533C795EA2B33999Dd6eff0256640dC3b2415C2,0x8c7ff00cf353b0236cbb259df12e1d3478d633e3,723000.0,7.229277072292772e-05
0x1533C795EA2B33999Dd6eff0256640dC3b2415C2,0xf0f17b61f2f66cfeea93f6ac7f3f229b31adc335,718000.0,7.179282071792821e-05
0x1533C795EA2B33999Dd6eff0256640dC3b2415C2,0x9b5ea8c719e29a5bd0959faf79c9e5c8206d0499,689021.509577045578209885,6.88952614315614e-05
0x1533C795EA2B33999Dd6eff0256640dC3b2415C2,0x06057832e31e7969cde67d983cfbf5271b37da96,684000.0,6.839316068393161e-05
0x1533C795EA2B33999Dd6eff0256640dC3b2415C2,0xc32304513fbc519c5e6ee209a0c9437513c4fb94,684000.0,6.839316068393161e-05
0x1533C795EA2B33999Dd6eff0256640dC3b2415C2,0x3505b95dbc8dbd895614f34ee8633ecbbaf35dc6,683000.0,6.82931706829317e-05
0x1533C795EA2B33999Dd6eff0256640dC3b2415C2,0xf2855ef7c734ec1f965915daafe668450e4b8212,664000.0,6.63933606639336e-05
0x1533C795EA2B33999Dd6eff0256640dC3b2415C2,0x7d10f6dade3ca5be47e6048da2ad74d0a3abe520,658000.0,6.57934206579342e-05
0x1533C795EA2B33999Dd6eff0256640dC3b2415C2,0xbd9f549645e4d8eae78f94c3a1f3a03f5bc46bd4,651000.0,6.50934906509349e-05
0x1533C795EA2B33999Dd6eff0256640dC3b2415C2,0xe8ef271024d700efea376b56c776cd70ac5d1884,648000.0,6.479352064793521e-05
0x1533C795EA2B33999Dd6eff0256640dC3b2415C2,0xa5f7a39e55d7878bc5bd754ee5d6bd7a7662355b,639000.0,6.389361063893611e-05
0x1533C795EA2B33999Dd6eff0256640dC3b2415C2,0x99f900f51808972921c0749efa3cb343847572a6,632000.0,6.319368063193681e-05
